{
    "mock": false,
    "back_app": "/api",
    "back_app2": "/api2",
    "back_app3": "/api3",
    "back_websocket": "",
    "minioIpAndPort": "http://223.2.34.8:30900",
    "titiler": "/tiler",

    "ndviProjectId": "PRJyxITmCVLn3PMoaeca",
    "spectrumProjectId": "PRJyxITmCVLn3PMoaeca",

    "intranet_mvt_url": "/mvtbasemap/{z}/{x}/{y}",
    "intranet_img_url": "/basemap/{z}/{x}/{y}",
    "intranet_vec_url": "/proxymap/vec_w_2000/{z}/{x}/{y}.png",
    "intranet_cva_url": "/proxymap/cva_w_2000/{z}/{x}/{y}.png",
    "dem_tiles_url": "/demtiles/{z}/{x}/{y}.png",
    "dem_tiles2_url": "/demtiles2/{z}/{x}/{y}.png",
    "fk_url": "/temporaryMap/202501/wms?bbox={bbox-epsg-3857}&format=image/png&service=WMS&version=1.1.1&request=GetMap&SRS=WGS84&transparent=true&width=256&height=256"
}
