{"us-highway_1": {"width": 17, "height": 17, "x": 0, "y": 0, "pixelRatio": 1.0}, "us-highway_2": {"width": 17, "height": 17, "x": 17, "y": 0, "pixelRatio": 1.0}, "us-highway_3": {"width": 21, "height": 17, "x": 0, "y": 17, "pixelRatio": 1.0}, "us-interstate_1": {"width": 17, "height": 17, "x": 34, "y": 0, "pixelRatio": 1.0}, "us-interstate_2": {"width": 17, "height": 17, "x": 51, "y": 0, "pixelRatio": 1.0}, "us-interstate_3": {"width": 21, "height": 17, "x": 21, "y": 17, "pixelRatio": 1.0}, "aerialway": {"width": 15, "height": 15, "x": 42, "y": 17, "pixelRatio": 1.0}, "airfield": {"width": 15, "height": 15, "x": 0, "y": 34, "pixelRatio": 1.0}, "airport": {"width": 15, "height": 15, "x": 15, "y": 34, "pixelRatio": 1.0}, "alcohol_shop": {"width": 15, "height": 15, "x": 30, "y": 34, "pixelRatio": 1.0}, "amusement_park": {"width": 15, "height": 15, "x": 45, "y": 34, "pixelRatio": 1.0}, "aquarium": {"width": 15, "height": 15, "x": 0, "y": 49, "pixelRatio": 1.0}, "art_gallery": {"width": 15, "height": 15, "x": 15, "y": 49, "pixelRatio": 1.0}, "atm": {"width": 15, "height": 15, "x": 30, "y": 49, "pixelRatio": 1.0}, "attraction": {"width": 15, "height": 15, "x": 45, "y": 49, "pixelRatio": 1.0}, "bakery": {"width": 15, "height": 15, "x": 60, "y": 34, "pixelRatio": 1.0}, "bank": {"width": 15, "height": 15, "x": 75, "y": 34, "pixelRatio": 1.0}, "bar": {"width": 15, "height": 15, "x": 90, "y": 34, "pixelRatio": 1.0}, "baseball": {"width": 15, "height": 15, "x": 105, "y": 34, "pixelRatio": 1.0}, "basketball": {"width": 15, "height": 15, "x": 120, "y": 34, "pixelRatio": 1.0}, "beach": {"width": 15, "height": 15, "x": 60, "y": 49, "pixelRatio": 1.0}, "beer": {"width": 15, "height": 15, "x": 75, "y": 49, "pixelRatio": 1.0}, "bicycle": {"width": 15, "height": 15, "x": 90, "y": 49, "pixelRatio": 1.0}, "bicycle_parking": {"width": 15, "height": 15, "x": 105, "y": 49, "pixelRatio": 1.0}, "bicycle_rental": {"width": 15, "height": 15, "x": 120, "y": 49, "pixelRatio": 1.0}, "bicycle_share": {"width": 15, "height": 15, "x": 68, "y": 0, "pixelRatio": 1.0}, "billiards": {"width": 15, "height": 15, "x": 83, "y": 0, "pixelRatio": 1.0}, "bollard": {"width": 15, "height": 15, "x": 98, "y": 0, "pixelRatio": 1.0}, "building": {"width": 15, "height": 15, "x": 113, "y": 0, "pixelRatio": 1.0}, "bus": {"width": 15, "height": 15, "x": 57, "y": 17, "pixelRatio": 1.0}, "cafe": {"width": 15, "height": 15, "x": 72, "y": 17, "pixelRatio": 1.0}, "campsite": {"width": 15, "height": 15, "x": 87, "y": 17, "pixelRatio": 1.0}, "car": {"width": 15, "height": 15, "x": 102, "y": 17, "pixelRatio": 1.0}, "casino": {"width": 15, "height": 15, "x": 117, "y": 17, "pixelRatio": 1.0}, "castle": {"width": 15, "height": 15, "x": 0, "y": 64, "pixelRatio": 1.0}, "cemetery": {"width": 15, "height": 15, "x": 15, "y": 64, "pixelRatio": 1.0}, "charging_station": {"width": 15, "height": 15, "x": 30, "y": 64, "pixelRatio": 1.0}, "cinema": {"width": 15, "height": 15, "x": 45, "y": 64, "pixelRatio": 1.0}, "circle": {"width": 15, "height": 15, "x": 60, "y": 64, "pixelRatio": 1.0}, "circle_stroked": {"width": 15, "height": 15, "x": 75, "y": 64, "pixelRatio": 1.0}, "city": {"width": 15, "height": 15, "x": 90, "y": 64, "pixelRatio": 1.0}, "clothing_store": {"width": 15, "height": 15, "x": 105, "y": 64, "pixelRatio": 1.0}, "college": {"width": 15, "height": 15, "x": 120, "y": 64, "pixelRatio": 1.0}, "commercial": {"width": 15, "height": 15, "x": 0, "y": 79, "pixelRatio": 1.0}, "communications_tower": {"width": 15, "height": 15, "x": 15, "y": 79, "pixelRatio": 1.0}, "cricket": {"width": 15, "height": 15, "x": 30, "y": 79, "pixelRatio": 1.0}, "cross": {"width": 15, "height": 15, "x": 45, "y": 79, "pixelRatio": 1.0}, "dam": {"width": 15, "height": 15, "x": 60, "y": 79, "pixelRatio": 1.0}, "defibrillator": {"width": 15, "height": 15, "x": 75, "y": 79, "pixelRatio": 1.0}, "dentist": {"width": 15, "height": 15, "x": 90, "y": 79, "pixelRatio": 1.0}, "diplomatic": {"width": 15, "height": 15, "x": 105, "y": 79, "pixelRatio": 1.0}, "doctors": {"width": 15, "height": 15, "x": 120, "y": 79, "pixelRatio": 1.0}, "dog_park": {"width": 15, "height": 15, "x": 0, "y": 94, "pixelRatio": 1.0}, "drinking_water": {"width": 15, "height": 15, "x": 15, "y": 94, "pixelRatio": 1.0}, "elevator": {"width": 15, "height": 15, "x": 30, "y": 94, "pixelRatio": 1.0}, "embassy": {"width": 15, "height": 15, "x": 45, "y": 94, "pixelRatio": 1.0}, "emergency_phone": {"width": 15, "height": 15, "x": 60, "y": 94, "pixelRatio": 1.0}, "entrance": {"width": 15, "height": 15, "x": 75, "y": 94, "pixelRatio": 1.0}, "farm": {"width": 15, "height": 15, "x": 90, "y": 94, "pixelRatio": 1.0}, "fast_food": {"width": 15, "height": 15, "x": 105, "y": 94, "pixelRatio": 1.0}, "fence": {"width": 15, "height": 15, "x": 120, "y": 94, "pixelRatio": 1.0}, "ferry_terminal": {"width": 15, "height": 15, "x": 0, "y": 109, "pixelRatio": 1.0}, "fire_station": {"width": 15, "height": 15, "x": 15, "y": 109, "pixelRatio": 1.0}, "fitness_centre": {"width": 15, "height": 15, "x": 30, "y": 109, "pixelRatio": 1.0}, "florist": {"width": 15, "height": 15, "x": 45, "y": 109, "pixelRatio": 1.0}, "fuel": {"width": 15, "height": 15, "x": 60, "y": 109, "pixelRatio": 1.0}, "furniture": {"width": 15, "height": 15, "x": 75, "y": 109, "pixelRatio": 1.0}, "gaming": {"width": 15, "height": 15, "x": 90, "y": 109, "pixelRatio": 1.0}, "garden": {"width": 15, "height": 15, "x": 105, "y": 109, "pixelRatio": 1.0}, "garden_centre": {"width": 15, "height": 15, "x": 120, "y": 109, "pixelRatio": 1.0}, "gift": {"width": 15, "height": 15, "x": 135, "y": 34, "pixelRatio": 1.0}, "golf": {"width": 15, "height": 15, "x": 150, "y": 34, "pixelRatio": 1.0}, "grocery": {"width": 15, "height": 15, "x": 165, "y": 34, "pixelRatio": 1.0}, "hairdresser": {"width": 15, "height": 15, "x": 180, "y": 34, "pixelRatio": 1.0}, "harbor": {"width": 15, "height": 15, "x": 195, "y": 34, "pixelRatio": 1.0}, "heliport": {"width": 15, "height": 15, "x": 210, "y": 34, "pixelRatio": 1.0}, "historic": {"width": 15, "height": 15, "x": 225, "y": 34, "pixelRatio": 1.0}, "home": {"width": 15, "height": 15, "x": 240, "y": 34, "pixelRatio": 1.0}, "hospital": {"width": 15, "height": 15, "x": 255, "y": 34, "pixelRatio": 1.0}, "ice_cream": {"width": 15, "height": 15, "x": 135, "y": 49, "pixelRatio": 1.0}, "information": {"width": 15, "height": 15, "x": 150, "y": 49, "pixelRatio": 1.0}, "landmark": {"width": 15, "height": 15, "x": 165, "y": 49, "pixelRatio": 1.0}, "laundry": {"width": 15, "height": 15, "x": 180, "y": 49, "pixelRatio": 1.0}, "library": {"width": 15, "height": 15, "x": 195, "y": 49, "pixelRatio": 1.0}, "lighthouse": {"width": 15, "height": 15, "x": 210, "y": 49, "pixelRatio": 1.0}, "lodging": {"width": 15, "height": 15, "x": 225, "y": 49, "pixelRatio": 1.0}, "marker": {"width": 15, "height": 15, "x": 240, "y": 49, "pixelRatio": 1.0}, "monument": {"width": 15, "height": 15, "x": 255, "y": 49, "pixelRatio": 1.0}, "mountain": {"width": 15, "height": 15, "x": 135, "y": 64, "pixelRatio": 1.0}, "museum": {"width": 15, "height": 15, "x": 150, "y": 64, "pixelRatio": 1.0}, "music": {"width": 15, "height": 15, "x": 165, "y": 64, "pixelRatio": 1.0}, "oneway": {"width": 15, "height": 15, "x": 180, "y": 64, "pixelRatio": 1.0}, "optician": {"width": 15, "height": 15, "x": 195, "y": 64, "pixelRatio": 1.0}, "park": {"width": 15, "height": 15, "x": 210, "y": 64, "pixelRatio": 1.0}, "parking": {"width": 15, "height": 15, "x": 225, "y": 64, "pixelRatio": 1.0}, "pharmacy": {"width": 15, "height": 15, "x": 240, "y": 64, "pixelRatio": 1.0}, "picnic_site": {"width": 15, "height": 15, "x": 255, "y": 64, "pixelRatio": 1.0}, "pitch": {"width": 15, "height": 15, "x": 135, "y": 79, "pixelRatio": 1.0}, "place_of_worship": {"width": 15, "height": 15, "x": 150, "y": 79, "pixelRatio": 1.0}, "playground": {"width": 15, "height": 15, "x": 165, "y": 79, "pixelRatio": 1.0}, "police": {"width": 15, "height": 15, "x": 180, "y": 79, "pixelRatio": 1.0}, "post": {"width": 15, "height": 15, "x": 195, "y": 79, "pixelRatio": 1.0}, "prison": {"width": 15, "height": 15, "x": 210, "y": 79, "pixelRatio": 1.0}, "racetrack": {"width": 15, "height": 15, "x": 225, "y": 79, "pixelRatio": 1.0}, "rail": {"width": 15, "height": 15, "x": 240, "y": 79, "pixelRatio": 1.0}, "rail_light": {"width": 15, "height": 15, "x": 255, "y": 79, "pixelRatio": 1.0}, "rail_metro": {"width": 15, "height": 15, "x": 135, "y": 94, "pixelRatio": 1.0}, "recycling": {"width": 15, "height": 15, "x": 150, "y": 94, "pixelRatio": 1.0}, "religious_buddhist": {"width": 15, "height": 15, "x": 165, "y": 94, "pixelRatio": 1.0}, "religious_christian": {"width": 15, "height": 15, "x": 180, "y": 94, "pixelRatio": 1.0}, "religious_jewish": {"width": 15, "height": 15, "x": 195, "y": 94, "pixelRatio": 1.0}, "religious_muslim": {"width": 15, "height": 15, "x": 210, "y": 94, "pixelRatio": 1.0}, "religious_shinto": {"width": 15, "height": 15, "x": 225, "y": 94, "pixelRatio": 1.0}, "restaurant": {"width": 15, "height": 15, "x": 240, "y": 94, "pixelRatio": 1.0}, "restaurant_bbq": {"width": 15, "height": 15, "x": 255, "y": 94, "pixelRatio": 1.0}, "restaurant_noodle": {"width": 15, "height": 15, "x": 135, "y": 109, "pixelRatio": 1.0}, "restaurant_pizza": {"width": 15, "height": 15, "x": 150, "y": 109, "pixelRatio": 1.0}, "restaurant_seafood": {"width": 15, "height": 15, "x": 165, "y": 109, "pixelRatio": 1.0}, "restaurant_sushi": {"width": 15, "height": 15, "x": 180, "y": 109, "pixelRatio": 1.0}, "rocket": {"width": 15, "height": 15, "x": 195, "y": 109, "pixelRatio": 1.0}, "school": {"width": 15, "height": 15, "x": 210, "y": 109, "pixelRatio": 1.0}, "scooter": {"width": 15, "height": 15, "x": 225, "y": 109, "pixelRatio": 1.0}, "shelter": {"width": 15, "height": 15, "x": 240, "y": 109, "pixelRatio": 1.0}, "shoe": {"width": 15, "height": 15, "x": 255, "y": 109, "pixelRatio": 1.0}, "shop": {"width": 15, "height": 15, "x": 128, "y": 0, "pixelRatio": 1.0}, "skateboard": {"width": 15, "height": 15, "x": 143, "y": 0, "pixelRatio": 1.0}, "skiing": {"width": 15, "height": 15, "x": 158, "y": 0, "pixelRatio": 1.0}, "soccer": {"width": 15, "height": 15, "x": 173, "y": 0, "pixelRatio": 1.0}, "stadium": {"width": 15, "height": 15, "x": 188, "y": 0, "pixelRatio": 1.0}, "star": {"width": 15, "height": 15, "x": 203, "y": 0, "pixelRatio": 1.0}, "star_stroked": {"width": 15, "height": 15, "x": 218, "y": 0, "pixelRatio": 1.0}, "swimming": {"width": 15, "height": 15, "x": 233, "y": 0, "pixelRatio": 1.0}, "swimming_pool": {"width": 15, "height": 15, "x": 248, "y": 0, "pixelRatio": 1.0}, "telephone": {"width": 15, "height": 15, "x": 132, "y": 17, "pixelRatio": 1.0}, "tennis": {"width": 15, "height": 15, "x": 147, "y": 17, "pixelRatio": 1.0}, "theatre": {"width": 15, "height": 15, "x": 162, "y": 17, "pixelRatio": 1.0}, "toilets": {"width": 15, "height": 15, "x": 177, "y": 17, "pixelRatio": 1.0}, "toll_booth": {"width": 15, "height": 15, "x": 192, "y": 17, "pixelRatio": 1.0}, "town": {"width": 15, "height": 15, "x": 207, "y": 17, "pixelRatio": 1.0}, "town_hall": {"width": 15, "height": 15, "x": 222, "y": 17, "pixelRatio": 1.0}, "triangle": {"width": 15, "height": 15, "x": 237, "y": 17, "pixelRatio": 1.0}, "triangle_stroked": {"width": 15, "height": 15, "x": 252, "y": 17, "pixelRatio": 1.0}, "tunnel": {"width": 15, "height": 15, "x": 0, "y": 124, "pixelRatio": 1.0}, "veterinary": {"width": 15, "height": 15, "x": 15, "y": 124, "pixelRatio": 1.0}, "viewpoint": {"width": 15, "height": 15, "x": 30, "y": 124, "pixelRatio": 1.0}, "village": {"width": 15, "height": 15, "x": 45, "y": 124, "pixelRatio": 1.0}, "volcano": {"width": 15, "height": 15, "x": 60, "y": 124, "pixelRatio": 1.0}, "volleyball": {"width": 15, "height": 15, "x": 75, "y": 124, "pixelRatio": 1.0}, "warehouse": {"width": 15, "height": 15, "x": 90, "y": 124, "pixelRatio": 1.0}, "waste_basket": {"width": 15, "height": 15, "x": 105, "y": 124, "pixelRatio": 1.0}, "water": {"width": 15, "height": 15, "x": 120, "y": 124, "pixelRatio": 1.0}, "waterfall": {"width": 15, "height": 15, "x": 135, "y": 124, "pixelRatio": 1.0}, "watermill": {"width": 15, "height": 15, "x": 150, "y": 124, "pixelRatio": 1.0}, "wetland": {"width": 15, "height": 15, "x": 165, "y": 124, "pixelRatio": 1.0}, "wheelchair": {"width": 15, "height": 15, "x": 180, "y": 124, "pixelRatio": 1.0}, "windmill": {"width": 15, "height": 15, "x": 195, "y": 124, "pixelRatio": 1.0}, "zoo": {"width": 15, "height": 15, "x": 210, "y": 124, "pixelRatio": 1.0}, "road_1": {"width": 14, "height": 14, "x": 225, "y": 124, "pixelRatio": 1.0}, "road_2": {"width": 20, "height": 14, "x": 239, "y": 124, "pixelRatio": 1.0}, "road_3": {"width": 26, "height": 14, "x": 0, "y": 139, "pixelRatio": 1.0}, "road_4": {"width": 31, "height": 14, "x": 26, "y": 139, "pixelRatio": 1.0}, "road_5": {"width": 36, "height": 14, "x": 57, "y": 139, "pixelRatio": 1.0}, "road_6": {"width": 40, "height": 14, "x": 93, "y": 139, "pixelRatio": 1.0}, "us-state_1": {"width": 17, "height": 14, "x": 133, "y": 139, "pixelRatio": 1.0}, "us-state_2": {"width": 22, "height": 14, "x": 150, "y": 139, "pixelRatio": 1.0}, "us-state_3": {"width": 27, "height": 14, "x": 172, "y": 139, "pixelRatio": 1.0}, "us-state_4": {"width": 32, "height": 14, "x": 199, "y": 139, "pixelRatio": 1.0}, "us-state_5": {"width": 37, "height": 14, "x": 231, "y": 139, "pixelRatio": 1.0}, "us-state_6": {"width": 42, "height": 14, "x": 0, "y": 153, "pixelRatio": 1.0}, "wave": {"width": 8, "height": 6, "x": 42, "y": 153, "pixelRatio": 1.0}}